api_developer_name,list_source,output_directory
"E*HealthLine.com, Inc.",http://ehealthline.com/FHIRservice%20Base%20URL%20EHL.json,/Users/ftrotter/gitgov/DSACMS/npd_ehr_scrape_cache/cache/fhir_json_cache/e_healthline_com_inc_4246df56579a09ed63e475106341e51a
1upHealth,https://1up.health/fhir-endpoint-directory,/Users/ftrotter/gitgov/DSACMS/npd_ehr_scrape_cache/cache/fhir_json_cache/1uphealth_744f5d25c1099987fc4d4a61eeaa83ac
Patagonia Health,https://21302886.fs1.hubspotusercontent-na1.net/hubfs/21302886/FHIRBaseURL.json,/Users/ftrotter/gitgov/DSACMS/npd_ehr_scrape_cache/cache/fhir_json_cache/patagonia_health_bd332ebb7f5291b2adc3ec22469c7769
"CareTracker, Inc.",https://ac-fhir.harrisambulatory.com/endpoints/r4,/Users/ftrotter/gitgov/DSACMS/npd_ehr_scrape_cache/cache/fhir_json_cache/caretracker_inc_fb608e9a6189e731e15d57f8357e46b7
Carefluence,https://admin.carefluence.com/onc/servicebaseurl.json,/Users/ftrotter/gitgov/DSACMS/npd_ehr_scrape_cache/cache/fhir_json_cache/carefluence_5a257d85e9858f8f2ecd2b6a5eacd1d0
"Nth Technologies, Inc.",https://admin.nthtechnology.com/fhir_endpoints.php/json,/Users/ftrotter/gitgov/DSACMS/npd_ehr_scrape_cache/cache/fhir_json_cache/nth_technologies_inc_b9f9769e1982ba21c437fd5b1fc5bcbe
Core Solutions Inc,https://aidbox.cx360.net/service-base-urls,/Users/ftrotter/gitgov/DSACMS/npd_ehr_scrape_cache/cache/fhir_json_cache/core_solutions_inc_3d64e78b91038877daae9bbd86e36611
TronsHealth LLC,https://akpc.tronshealth.com/fhirv4.0/fhir/R4/Endpoint,/Users/ftrotter/gitgov/DSACMS/npd_ehr_scrape_cache/cache/fhir_json_cache/tronshealth_llc_da2c2cdcdcadd77b5bc7a3218b9bdabc
"MD Synergy Solutions, LLC",https://altheafhir.mdsynergy.com/getBundleJson,/Users/ftrotter/gitgov/DSACMS/npd_ehr_scrape_cache/cache/fhir_json_cache/md_synergy_solutions_llc_fe90e5feea1bad74f45efb6932f5f4d5
"CareCloud Health, Inc.",https://api-datamanager.carecloud.com/fhirurl/Organization,/Users/ftrotter/gitgov/DSACMS/npd_ehr_scrape_cache/cache/fhir_json_cache/carecloud_health_inc_6301f3eb4ca8b39856c253e9a38405d6
"Carbon Health Technologies, Inc.",https://api-gateway.alpha.awscarbonhealth.com/hapi-fhir/fhir/Bundle/$publication,/Users/ftrotter/gitgov/DSACMS/npd_ehr_scrape_cache/cache/fhir_json_cache/carbon_health_technologies_inc_39d0021368b47047543dc77d391ac1f7
Unknown,https://api-portal.navigatingcare.com/service-base-urls,/Users/ftrotter/gitgov/DSACMS/npd_ehr_scrape_cache/cache/fhir_json_cache/unknown_d935e5d01a12e9354e6017434c37f6bb
Azalea Health,https://api.azaleahealth.com/fhir/R4/Endpoint,/Users/ftrotter/gitgov/DSACMS/npd_ehr_scrape_cache/cache/fhir_json_cache/azalea_health_ab5783b7bda76708800d03e01f6405c3
"Qualifacts Systems, LLC",https://api.cbh4.crediblebh.com/fhir,/Users/ftrotter/gitgov/DSACMS/npd_ehr_scrape_cache/cache/fhir_json_cache/qualifacts_systems_llc_6a269ac3f8522549f3313c042ee30fed
EnableDoc LLC,https://api.enablemyhealth.com/api/r4/Groups,/Users/ftrotter/gitgov/DSACMS/npd_ehr_scrape_cache/cache/fhir_json_cache/enabledoc_llc_92741a8ea0b235e588e3ed4f61a0b888
MDOfficeManager,https://api.geesemed.com/Geesemed/API/FHIREndpoint/API.json,/Users/ftrotter/gitgov/DSACMS/npd_ehr_scrape_cache/cache/fhir_json_cache/mdofficemanager_918d9962cb917d1a836833a50278c2bc
"GeniusDoc, Inc.",https://api.geniusdoc.com:4434/GDAPIData/EndpointBundle,/Users/ftrotter/gitgov/DSACMS/npd_ehr_scrape_cache/cache/fhir_json_cache/geniusdoc_inc_72d63b051a1b07d5a274009f77c8c94f
"MedConnect, Inc.",https://api.medconnecthealth.com/fhir/r4/endpoints,/Users/ftrotter/gitgov/DSACMS/npd_ehr_scrape_cache/cache/fhir_json_cache/medconnect_inc_20cf8b8f29c71782b6bc63d0020d48a2
MEDHOST,https://api.mhdi10xasayd.com/medhost-developer-composition/v1/fhir-base-service-url-bundle,/Users/ftrotter/gitgov/DSACMS/npd_ehr_scrape_cache/cache/fhir_json_cache/medhost_9e54a090365e0a958458613655c79fd4
"Moyae, Inc.",https://api.moyae.com/service-url,/Users/ftrotter/gitgov/DSACMS/npd_ehr_scrape_cache/cache/fhir_json_cache/moyae_inc_33d356ec4097b73a21c2963344c9e266
"Qualifacts Systems, LLC",https://api.qualifacts.org/api/fhir/r4/endpoints,/Users/ftrotter/gitgov/DSACMS/npd_ehr_scrape_cache/cache/fhir_json_cache/qualifacts_systems_llc_6e16deb050561bc5b4eae2dbff0e2bb9
"Sevocity, a division of Conceptual MindWorks, Inc",https://api.sevocity.com/api/patients/v1/Endpoint,/Users/ftrotter/gitgov/DSACMS/npd_ehr_scrape_cache/cache/fhir_json_cache/sevocity_a_division_of_conceptual_mindworks_inc_d2d3b57f42865f8bb04d326742022e10
Veradigm,https://api.veradigmview.com/assets/static_files/ServiceBaseURLs.json,/Users/ftrotter/gitgov/DSACMS/npd_ehr_scrape_cache/cache/fhir_json_cache/veradigm_0fb0ebba51c4d58a3709d7058bb65fab
"1Life Healthcare, Inc",https://apidocs.onemedical.io/1LifeServiceBaseURLBundle.json,/Users/ftrotter/gitgov/DSACMS/npd_ehr_scrape_cache/cache/fhir_json_cache/1life_healthcare_inc_b8bf6b68b0098021b1122dda499a9ab0
CompuGroup Medical US,https://apigateway.emdscloud.com:7443/infor/CustomerApi/fhir/g10,/Users/ftrotter/gitgov/DSACMS/npd_ehr_scrape_cache/cache/fhir_json_cache/compugroup_medical_us_dfb95d2254b4706a7de42f51e4a1b44a
Healthie,https://app-70202.on-aptible.com/endpoints,/Users/ftrotter/gitgov/DSACMS/npd_ehr_scrape_cache/cache/fhir_json_cache/healthie_08494a4c72d274c1a5b129c48c0654d0
Azalea Health,https://app.azaleahealth.com/fhir/R4/Endpoint,/Users/ftrotter/gitgov/DSACMS/npd_ehr_scrape_cache/cache/fhir_json_cache/azalea_health_431baf9cf4a84b1f9865df363dcd5e35
Darena Solutions LLC dba Darena Health,https://app.meldrx.com/api/Directories/fhir/endpoints,/Users/ftrotter/gitgov/DSACMS/npd_ehr_scrape_cache/cache/fhir_json_cache/darena_solutions_llc_dba_darena_health_a0c85e28c2806a7206f4cbbbfb1189ca
Office Practicum,https://applications.op.healthcare/api/v2/atlas-format/Endpoint?_revinclude=Endpoint:organization,/Users/ftrotter/gitgov/DSACMS/npd_ehr_scrape_cache/cache/fhir_json_cache/office_practicum_7fc062f99e95425d3e181eab8df6d611
Criterions Software Inc,https://appstudio.interopengine.com/partner/fhirR4endpoints-criterions.json,/Users/ftrotter/gitgov/DSACMS/npd_ehr_scrape_cache/cache/fhir_json_cache/criterions_software_inc_9c24b1a0a478f516cff6b716372c8328
Dexter Solutions Inc,https://appstudio.interopengine.com/partner/fhirR4endpoints-ezdocs.json,/Users/ftrotter/gitgov/DSACMS/npd_ehr_scrape_cache/cache/fhir_json_cache/dexter_solutions_inc_a370867500300df443a029de89040c71
MedNet Medical Solutions,https://appstudio.interopengine.com/partner/fhirR4endpoints-mednetmedical.json,/Users/ftrotter/gitgov/DSACMS/npd_ehr_scrape_cache/cache/fhir_json_cache/mednet_medical_solutions_91882961eae07fe7273037ab9e774af4
Zoobook Systems LLC,https://appstudio.interopengine.com/partner/fhirR4endpoints-zoobook.json,/Users/ftrotter/gitgov/DSACMS/npd_ehr_scrape_cache/cache/fhir_json_cache/zoobook_systems_llc_fae725c74837e2bd855d0b2710740bbc
Careexpand LLC,https://auth-api.dev.careexpandcloud.com/fhir/service-base-urls,/Users/ftrotter/gitgov/DSACMS/npd_ehr_scrape_cache/cache/fhir_json_cache/careexpand_llc_21266654b34690cfa7b4f3d257a479dd
Brilogy Corporation,https://axeium.net/g10.json,/Users/ftrotter/gitgov/DSACMS/npd_ehr_scrape_cache/cache/fhir_json_cache/brilogy_corporation_eacfe6f7f96185b6fe2a23bc66caab8c
"ChartPath, LLC",https://beta.afoundria.com/api/fhir/urls/downloadJSON,/Users/ftrotter/gitgov/DSACMS/npd_ehr_scrape_cache/cache/fhir_json_cache/chartpath_llc_8a1ff8d86a0f7e239027bcdc7cce6231
Comtron Inc.,https://bill.medgenehr.com/MedgenAPI/medgenbundle.json,/Users/ftrotter/gitgov/DSACMS/npd_ehr_scrape_cache/cache/fhir_json_cache/comtron_inc_f01e42d0827587b196c551883d7a0df3
Carepaths Inc,https://carepaths.com/uploads/org_endpoint_bundle.json,/Users/ftrotter/gitgov/DSACMS/npd_ehr_scrape_cache/cache/fhir_json_cache/carepaths_inc_0a2a2f3518dcc71c7b5f2aaaa1f1bb3b
CHN Tech Solutions LLC,https://chntechsolutions.com/wp-content/uploads/2024/12/Endpoint.json,/Users/ftrotter/gitgov/DSACMS/npd_ehr_scrape_cache/cache/fhir_json_cache/chn_tech_solutions_llc_c64cfc09414f4bf9a08d97560bc44dcc
"MedicaSoft, LLC",https://code.medicasoft.us/fhir_r4_endpoints.json,/Users/ftrotter/gitgov/DSACMS/npd_ehr_scrape_cache/cache/fhir_json_cache/medicasoft_llc_aee3b280419cee0f2d32c327269bb22e
"Harris CareTracker, Inc",https://ct-fhir.harrisambulatory.com/Endpoints/R4,/Users/ftrotter/gitgov/DSACMS/npd_ehr_scrape_cache/cache/fhir_json_cache/harris_caretracker_inc_1d6106d5d0489e72dacc4055f0f197df
EDENLAB OÜ,https://demo.kodjin.com/fhir/fhir-base-url,/Users/ftrotter/gitgov/DSACMS/npd_ehr_scrape_cache/cache/fhir_json_cache/edenlab_o_521398ad7719834fd6b8dcc905d6854c
Unity Health,https://dev-fhir.cinch-project.com/fhir,/Users/ftrotter/gitgov/DSACMS/npd_ehr_scrape_cache/cache/fhir_json_cache/unity_health_5df0f38586eb37fb93564e7d287ac4af
Unknown,https://developer.bcbsfl.com/interop/interop-developer-portal/product/306/api/285#/CMSInteroperabilityPatientAccessMetadata_100/operation/%2FR4%2Fmetadata/get,/Users/ftrotter/gitgov/DSACMS/npd_ehr_scrape_cache/cache/fhir_json_cache/unknown_b7a94b8c9ea98aaec14f70342c5d9a36
Unknown,https://developer.bcbsfl.com/interop/interop-developer-portal/product/309/api/288#/CMSInteroperabilityPayer2PayerOutboundMetadata_100/operation/%2FP2P%2FR4%2Fmetadata/get,/Users/ftrotter/gitgov/DSACMS/npd_ehr_scrape_cache/cache/fhir_json_cache/unknown_33a17928a26d383643086787b0dc0761
Unknown,https://developer.cigna.com/docs/service-apis/patient-access/implementation-guide#Implementation-Guide-Base-URL,/Users/ftrotter/gitgov/DSACMS/npd_ehr_scrape_cache/cache/fhir_json_cache/unknown_5511c63964ce61dc842bc957609a3674
Unknown,https://developers.humana.com/apis/patient-api/doc,/Users/ftrotter/gitgov/DSACMS/npd_ehr_scrape_cache/cache/fhir_json_cache/unknown_515d419ef63aab1cc40cdef033651ca8
Streamline Healthcare Solutions,https://dhfhirpresentation.smartcarenet.com/fhir/r4/endpoints,/Users/ftrotter/gitgov/DSACMS/npd_ehr_scrape_cache/cache/fhir_json_cache/streamline_healthcare_solutions_e2d0c2171f9c96bbac4742605cfcb731
VisionWeb,https://dhpresentation.youruprise.com/fhir/r4/endpoints,/Users/ftrotter/gitgov/DSACMS/npd_ehr_scrape_cache/cache/fhir_json_cache/visionweb_9d4564248a8bea9e62da0f3b63071e6b
"Canvas Medical, Inc.",https://docs.canvasmedical.com/assets/static/fhir-service-base-urls-production.json,/Users/ftrotter/gitgov/DSACMS/npd_ehr_scrape_cache/cache/fhir_json_cache/canvas_medical_inc_ac9d025266a298190ac28296d0db345d
Firely USA Inc.,https://docs.fire.ly/projects/Firely-Server/en/latest/_static/g10/EndpointBundleFirely.json,/Users/ftrotter/gitgov/DSACMS/npd_ehr_scrape_cache/cache/fhir_json_cache/firely_usa_inc_9095790ca5ad973a3d6d48c427fea1b8
DOX EMR,https://doxpodfhir-dmezayd2cbead2f8.centralus-01.azurewebsites.net/api,/Users/ftrotter/gitgov/DSACMS/npd_ehr_scrape_cache/cache/fhir_json_cache/dox_emr_e0e949f8576ab287f26ce968a70a07b2
drchrono Inc.,https://drchrono-fhirpresentation.everhealthsoftware.com/fhir/r4/endpoints,/Users/ftrotter/gitgov/DSACMS/npd_ehr_scrape_cache/cache/fhir_json_cache/drchrono_inc_c0aaacb243932a2f36f36a7152b14262
"EnSoftek, Inc",https://drcloudehr.com/drcloudehr/drcloud-service-base-urls.json,/Users/ftrotter/gitgov/DSACMS/npd_ehr_scrape_cache/cache/fhir_json_cache/ensoftek_inc_da96204b76c2ca461f772291b86d518c
"Keiser Computers, Inc.",https://drsdoc.com/ValidURLs.json,/Users/ftrotter/gitgov/DSACMS/npd_ehr_scrape_cache/cache/fhir_json_cache/keiser_computers_inc_a4ee0a18fa75d5f2484b23416aa49b8b
"Dynamic Health IT, Inc",https://dynamicfhirpresentation.dynamicfhirsandbox.com/fhir/r4/endpoints,/Users/ftrotter/gitgov/DSACMS/npd_ehr_scrape_cache/cache/fhir_json_cache/dynamic_health_it_inc_c43fec58c84d685cff61e6cd00e22462
Enable Healthcare Inc.,https://ehifhir.ehiconnect.com/fhir/r4/endpoints,/Users/ftrotter/gitgov/DSACMS/npd_ehr_scrape_cache/cache/fhir_json_cache/enable_healthcare_inc_4a62dcf3b9383479b002d7d5af3094fc
"Radysans, Inc",https://ehrwebapi.cutecharts.com/radywebapi/endpoint,/Users/ftrotter/gitgov/DSACMS/npd_ehr_scrape_cache/cache/fhir_json_cache/radysans_inc_d988bbb6cbeabb52041aa9e68a50926a
"Adaptamed, LLC",https://ehryourway.com/content/fhir-service-urls.json,/Users/ftrotter/gitgov/DSACMS/npd_ehr_scrape_cache/cache/fhir_json_cache/adaptamed_llc_47d439f4130f7692caea161fa0b4d2bd
Aarista Technology LLC,https://emrfhirpresentation.aarista.com/fhir/r4/endpoints,/Users/ftrotter/gitgov/DSACMS/npd_ehr_scrape_cache/cache/fhir_json_cache/aarista_technology_llc_98dd118c306868b25684644c95fe4c75
The Echo Group,https://ensorahealth.com/onc/echo/fhir/r4/Endpoint,/Users/ftrotter/gitgov/DSACMS/npd_ehr_scrape_cache/cache/fhir_json_cache/the_echo_group_bf7be8370b8034dbc1b396c6f7811c91
"VIPA Health Solutions, LLC",https://ezedev.smartemr.com/fhir_sburl/,/Users/ftrotter/gitgov/DSACMS/npd_ehr_scrape_cache/cache/fhir_json_cache/vipa_health_solutions_llc_2cbfbd6ccd7abe0a46f034fe3473a674
"Vohra Wound Physicians Management, LLC",https://facilityportal.vohrawoundteam.com/vohra-service-urls.json,/Users/ftrotter/gitgov/DSACMS/npd_ehr_scrape_cache/cache/fhir_json_cache/vohra_wound_physicians_management_llc_c4251a1e507578679c85028a9d580166
"TruBridge, Inc.",https://fhir-api.golunar.com,/Users/ftrotter/gitgov/DSACMS/npd_ehr_scrape_cache/cache/fhir_json_cache/trubridge_inc_5d658ae2726ef2eff0e0d125effd7829
"Universal EHR, Inc.",https://fhir-api.golunar.com,/Users/ftrotter/gitgov/DSACMS/npd_ehr_scrape_cache/cache/fhir_json_cache/universal_ehr_inc_5d658ae2726ef2eff0e0d125effd7829
"Lunar Systems, Inc.",https://fhir-api.golunar.com,/Users/ftrotter/gitgov/DSACMS/npd_ehr_scrape_cache/cache/fhir_json_cache/lunar_systems_inc_5d658ae2726ef2eff0e0d125effd7829
"Health Information Management Systems, LLC",https://fhir-api.hmsfirst.com/r4/EndPoints,/Users/ftrotter/gitgov/DSACMS/npd_ehr_scrape_cache/cache/fhir_json_cache/health_information_management_systems_llc_c2f8c149ba4c8524a6545b2ddeaa63de
"Medical Information Technology, Inc. (MEDITECH)",https://fhir-apis.meditech.com/v1/brands,/Users/ftrotter/gitgov/DSACMS/npd_ehr_scrape_cache/cache/fhir_json_cache/medical_information_technology_inc_meditech_1cf6faf4d8dcbed97f2751e924fff1d5
"Softbir, Inc.",https://fhir-dev.cloudmd365.com/public-base-url-info,/Users/ftrotter/gitgov/DSACMS/npd_ehr_scrape_cache/cache/fhir_json_cache/softbir_inc_40fb593c7222f146e0f3a829780fe7c6
Edvak Technologies Inc,https://fhir-dev.edvak.com/fhir/.well-known/service-base-url.json,/Users/ftrotter/gitgov/DSACMS/npd_ehr_scrape_cache/cache/fhir_json_cache/edvak_technologies_inc_112272f30cf07498c24b6431718a8a2a
WRS Health,https://fhir-server.sam.wrs.dev/r4/ServiceBase,/Users/ftrotter/gitgov/DSACMS/npd_ehr_scrape_cache/cache/fhir_json_cache/wrs_health_d26340d1477608773b03c70fa116d900
Advanced Data Systems Corporation,https://fhir-service.medicscloud.com/da/get-clients-end-points,/Users/ftrotter/gitgov/DSACMS/npd_ehr_scrape_cache/cache/fhir_json_cache/advanced_data_systems_corporation_39bf6843af633b73ecc1a2a375a3e6c8
Advanced Data Systems Corporation,https://fhir-service.medicscloud.com/mc/get-clients-end-points,/Users/ftrotter/gitgov/DSACMS/npd_ehr_scrape_cache/cache/fhir_json_cache/advanced_data_systems_corporation_d0e6e74cb628cb528c7324b830c583a6
"Greenway Health, LLC",https://fhir-servicebaseurl.fhirhlprod.greenwayhealth.com/servicebundle.json,/Users/ftrotter/gitgov/DSACMS/npd_ehr_scrape_cache/cache/fhir_json_cache/greenway_health_llc_59b0bcf1b204c99bc48c001d80cc0b40
"Lunar Systems, Inc.",https://fhir-usa.unify.chbase.com/.well-known/endpoint,/Users/ftrotter/gitgov/DSACMS/npd_ehr_scrape_cache/cache/fhir_json_cache/lunar_systems_inc_98a0efa692acc63976bc37ba0826e97f
"TruBridge, Inc.",https://fhir-usa.unify.chbase.com/.well-known/endpoint,/Users/ftrotter/gitgov/DSACMS/npd_ehr_scrape_cache/cache/fhir_json_cache/trubridge_inc_98a0efa692acc63976bc37ba0826e97f
TenEleven Group,https://fhir.10e11.com/fhir/r4/endpoints,/Users/ftrotter/gitgov/DSACMS/npd_ehr_scrape_cache/cache/fhir_json_cache/teneleven_group_1f5e5c15b13b689746f2bbdc95333517
"AllegianceMD Software, Inc.",https://fhir.allegiancemd.io/R4/urls/endpoints.json,/Users/ftrotter/gitgov/DSACMS/npd_ehr_scrape_cache/cache/fhir_json_cache/allegiancemd_software_inc_0803e5ad7f364d7f21a2a186f38a1bd6
Compulink Healthcare Solutions,https://fhir.compulinkadvantage.com/endpoints,/Users/ftrotter/gitgov/DSACMS/npd_ehr_scrape_cache/cache/fhir_json_cache/compulink_healthcare_solutions_31e2dca501c3c99eec617a4485b1cdca
"Applied Research Works, Inc.",https://fhir.cozeva.com/r4Endpoints.json,/Users/ftrotter/gitgov/DSACMS/npd_ehr_scrape_cache/cache/fhir_json_cache/applied_research_works_inc_e130ae1503043614c79616b1c76e8c78
"DigiDMS, Inc.",https://fhir.digidms.com/fhir.json,/Users/ftrotter/gitgov/DSACMS/npd_ehr_scrape_cache/cache/fhir_json_cache/digidms_inc_30456e7288539fc09764f0eccb211d28
"eClinicalWorks, LLC",https://fhir.eclinicalworks.com/ecwopendev/external/practiceList,/Users/ftrotter/gitgov/DSACMS/npd_ehr_scrape_cache/cache/fhir_json_cache/eclinicalworks_llc_85cb24dc6fb6eb41ea6e6e3e9fd7ca66
"Elation Health, Inc.",https://fhir.elationemr.com/fhir/fhir-base-url,/Users/ftrotter/gitgov/DSACMS/npd_ehr_scrape_cache/cache/fhir_json_cache/elation_health_inc_01e07016b78ca3b99dce8bcfb8da7ce0
"DocToMe, Inc.",https://fhir.ethizo.com/api/4.0.0/service_based_url,/Users/ftrotter/gitgov/DSACMS/npd_ehr_scrape_cache/cache/fhir_json_cache/doctome_inc_1c145d17bd33da1368482c0b50afe0e6
"Foothold Technology, Inc.",https://fhir.footholdtechnology.com/Endpoint,/Users/ftrotter/gitgov/DSACMS/npd_ehr_scrape_cache/cache/fhir_json_cache/foothold_technology_inc_21ca87ec5719aa127e5f3e36abef9c9f
Genensys LLC,https://fhir.genensys.com/fhir/ServiceBaseURLs.json,/Users/ftrotter/gitgov/DSACMS/npd_ehr_scrape_cache/cache/fhir_json_cache/genensys_llc_8b61b4278beab13b334129f17a59f17a
First Insight Corporation,https://fhir.maximeyes.com/api/maximeyes.com/R4/PracticeBundle,/Users/ftrotter/gitgov/DSACMS/npd_ehr_scrape_cache/cache/fhir_json_cache/first_insight_corporation_4fe6ddbb6b3fd36d7b6f13690175e5be
MaxRemind Inc,https://fhir.maximus.care/api/service_based_url,/Users/ftrotter/gitgov/DSACMS/npd_ehr_scrape_cache/cache/fhir_json_cache/maxremind_inc_a286005d52997aeafb8b8a8339bc0902
MDLAND,https://fhir.mdland.net/ai/MDLandServiceBaseURLBundle.json,/Users/ftrotter/gitgov/DSACMS/npd_ehr_scrape_cache/cache/fhir_json_cache/mdland_895e255ebcfd4ad4c250fa3440774d6d
Benchmark Systems,https://fhir.mdnavigatorclinical.com/fhirurlpublication/api/endpoint,/Users/ftrotter/gitgov/DSACMS/npd_ehr_scrape_cache/cache/fhir_json_cache/benchmark_systems_c300eadadd71257b89c4d2c8c3a8ee5e
"MEDENT - Community Computer Service, Inc.",https://fhir.medent.com/fhir/resources/ServiceBaseURL.php,/Users/ftrotter/gitgov/DSACMS/npd_ehr_scrape_cache/cache/fhir_json_cache/medent_community_computer_service_inc_87fac7cad90e98e98c3a0cbdca275ed8
NextGen Healthcare,https://fhir.meditouchehr.com/api/fhir/r4/endpoint,/Users/ftrotter/gitgov/DSACMS/npd_ehr_scrape_cache/cache/fhir_json_cache/nextgen_healthcare_0b7d5930a913fe0eae933a82c34439d4
"MedAZ.Net, LLC",https://fhir.mhealthaz.com/servceurlsmedaz.json,/Users/ftrotter/gitgov/DSACMS/npd_ehr_scrape_cache/cache/fhir_json_cache/medaz_net_llc_201f5b541da4be6b0ffbc60dd3611d00
Mendelson Kornblum Orthopedic & Spine Specialists,https://fhir.mkoss.com/FhirDocs/downloadJSON,/Users/ftrotter/gitgov/DSACMS/npd_ehr_scrape_cache/cache/fhir_json_cache/mendelson_kornblum_orthopedic_spine_specialists_36bda2b76eda2ef5381096e4377f3ecf
TRIARQ Practice Services,https://fhir.myqone.com/api/FHIR/R4/EndpointBundle,/Users/ftrotter/gitgov/DSACMS/npd_ehr_scrape_cache/cache/fhir_json_cache/triarq_practice_services_dcedd6a33c586ecf436ad27111ca8f91
Netsmart Technologies,https://fhir.netsmartcloud.com/brand/brands.json,/Users/ftrotter/gitgov/DSACMS/npd_ehr_scrape_cache/cache/fhir_json_cache/netsmart_technologies_d9c94db8d2b7b0057cda690c45033c02
PCIS GOLD,https://fhir.pcisgold.com/fhirdocs/practices,/Users/ftrotter/gitgov/DSACMS/npd_ehr_scrape_cache/cache/fhir_json_cache/pcis_gold_36399432dd7c7ed79eaf66a939c1dce7
PointClickCare Technologies Inc.,https://fhir.pointclickcare.com/R4endpoints.json,/Users/ftrotter/gitgov/DSACMS/npd_ehr_scrape_cache/cache/fhir_json_cache/pointclickcare_technologies_inc_6c16472156096e7a291748d007f8dede
Practice EHR LLC,https://fhir.practiceehr.com/servicebaseurl.json,/Users/ftrotter/gitgov/DSACMS/npd_ehr_scrape_cache/cache/fhir_json_cache/practice_ehr_llc_8644b81817b625dae45637edf81122d9
"Sophrona Solutions, Inc.",https://fhir.practicegateway.net/smart/Endpoint?_format=application/json,/Users/ftrotter/gitgov/DSACMS/npd_ehr_scrape_cache/cache/fhir_json_cache/sophrona_solutions_inc_f098f7c135ebe3b2706d10cac426222d
"Tebra Technologies, Inc.",https://fhir.prd.cloud.tebra.com/fhir-organizations,/Users/ftrotter/gitgov/DSACMS/npd_ehr_scrape_cache/cache/fhir_json_cache/tebra_technologies_inc_d22e0b93242b41b3617df2faa309ea5e
Procentive,https://fhir.procentive.com/fhir/r4/endpoints,/Users/ftrotter/gitgov/DSACMS/npd_ehr_scrape_cache/cache/fhir_json_cache/procentive_4cfea213359bfae80eefe6573979101c
Flatiron Health,https://fhir.prod.flatiron.io/fhir,/Users/ftrotter/gitgov/DSACMS/npd_ehr_scrape_cache/cache/fhir_json_cache/flatiron_health_8fae89a0ebb741d8264bbb38419c03a0
"Welligent, Part of the ContinuumCloud",https://fhir.qa.welligent.com/fhir/r4/endpoints,/Users/ftrotter/gitgov/DSACMS/npd_ehr_scrape_cache/cache/fhir_json_cache/welligent_part_of_the_continuumcloud_96a77e201b1f790bb029fdf7fa4af21d
"SolidPractice Technologies, LLC",https://fhir.solidpractice.com/Endpoints-R4.json,/Users/ftrotter/gitgov/DSACMS/npd_ehr_scrape_cache/cache/fhir_json_cache/solidpractice_technologies_llc_28b0137dff1b4789d05c7ce3db190c74
Sai Systems Digital LLC,https://fhir.thesnfist.com/endpointlist,/Users/ftrotter/gitgov/DSACMS/npd_ehr_scrape_cache/cache/fhir_json_cache/sai_systems_digital_llc_5644f585775509d4f7a3180198c10010
TriMed Technologies,https://fhir.trimed.cloud/bundle,/Users/ftrotter/gitgov/DSACMS/npd_ehr_scrape_cache/cache/fhir_json_cache/trimed_technologies_6a7ff7f5f4d2d83972988d1d6412074c
ASP.MD Inc.,https://fhirapi.asp.md:3030/aspmd/fhirserver/endpoints.asp,/Users/ftrotter/gitgov/DSACMS/npd_ehr_scrape_cache/cache/fhir_json_cache/asp_md_inc_9df16d11b49c5b90c112da2a2e42bf30
The MITRE Corporation on behalf of the Office of the National Coordinator for Health IT (ONC),https://fhirapi.cursahealth.com/r4/service_based_url,/Users/ftrotter/gitgov/DSACMS/npd_ehr_scrape_cache/cache/fhir_json_cache/the_mitre_corporation_on_behalf_of_the_office_of_the_national_coordinator_for_health_it_onc_0e7c697ea422a8db15eeb6118ca98720
"EndoSoft, LLC",https://fhirapi.endosoft.com/apiendpoints.json,/Users/ftrotter/gitgov/DSACMS/npd_ehr_scrape_cache/cache/fhir_json_cache/endosoft_llc_aa4fb29e05337ad0d37787c345717b2d
InteliChart LLC,https://fhirapi.intelichart.com/servicebaseurls,/Users/ftrotter/gitgov/DSACMS/npd_ehr_scrape_cache/cache/fhir_json_cache/intelichart_llc_477dc646a4c3c5c7926eb56fd8198f9d
Medcare MSO,https://fhirapi.medcaremso.com/api/R4/BaseUrls,/Users/ftrotter/gitgov/DSACMS/npd_ehr_scrape_cache/cache/fhir_json_cache/medcare_mso_4d1cd1f783e3a0a69a74acc036ed7305
"CloudCraft, LLC",https://fhirapi.naiacorp.net/fhir/r4/endpoints,/Users/ftrotter/gitgov/DSACMS/npd_ehr_scrape_cache/cache/fhir_json_cache/cloudcraft_llc_2c802de9c62a23436e42dee1c9c5c11d
Patient First,https://fhirapis-qa.patientfirst.com/service-base-urls,/Users/ftrotter/gitgov/DSACMS/npd_ehr_scrape_cache/cache/fhir_json_cache/patient_first_64aa0459899481b3b7bc8dc13f2c80f0
eMedPractice LLC,https://fhirbackup.emedpractice.com:8443/emedicalpracticebundle.json,/Users/ftrotter/gitgov/DSACMS/npd_ehr_scrape_cache/cache/fhir_json_cache/emedpractice_llc_cf9ccf01f01bc74049d23a67166b0123
"CureMD.com, Inc.",https://fhirendpoint.curemd.net/fhir/DEFAULT/Bundle/ServiceBaseURLs,/Users/ftrotter/gitgov/DSACMS/npd_ehr_scrape_cache/cache/fhir_json_cache/curemd_com_inc_3e771a3e2122c9fa913e71a26259cca2
"DSS, Inc.",https://fhirjuno-prod-web.dssinc.com/fhir/r4/endpoints,/Users/ftrotter/gitgov/DSACMS/npd_ehr_scrape_cache/cache/fhir_json_cache/dss_inc_b8e017f5c69fc0699a67cd6787d3f2e7
"Prime Clinical Systems, Inc.",https://fhirpresentation.pcsdataxchg.com/fhir/r4/endpoints,/Users/ftrotter/gitgov/DSACMS/npd_ehr_scrape_cache/cache/fhir_json_cache/prime_clinical_systems_inc_60c457a1618b13142a46934c76144bf0
Axxess,https://fhirpresentationdev.axxessweb.com/fhir/r4/endpoints,/Users/ftrotter/gitgov/DSACMS/npd_ehr_scrape_cache/cache/fhir_json_cache/axxess_4deb3f42dd83fc5926ac754e65438d5d
"Office Ally, LLC",https://fhirpt.officeally.com/fhir/r4/endpoints,/Users/ftrotter/gitgov/DSACMS/npd_ehr_scrape_cache/cache/fhir_json_cache/office_ally_llc_884863cafbe032df883ad0cab7f37f17
OmniMD Inc.,https://fhirregistration.omnimd.com/assets/json/user-access-brands-endpoint-bundle.json,/Users/ftrotter/gitgov/DSACMS/npd_ehr_scrape_cache/cache/fhir_json_cache/omnimd_inc_925c7fc1b4c1c165e0e0adb3c396a0b6
"Prime DataQ Health, LLC",https://fhirservr4-apim.azure-api.net/smart/service-base,/Users/ftrotter/gitgov/DSACMS/npd_ehr_scrape_cache/cache/fhir_json_cache/prime_dataq_health_llc_520b2a705c0f5b92e82888a5fdb3ea5d
Bizmatics Inc.,https://fhirurls.prognocis.com/fhirurlpublication/api/endpoint,/Users/ftrotter/gitgov/DSACMS/npd_ehr_scrape_cache/cache/fhir_json_cache/bizmatics_inc_16a5fce9a1d7b213723a44f0c7a4e0e8
Helixbeat,https://fusion.helixbeat.com/fhir/R4/,/Users/ftrotter/gitgov/DSACMS/npd_ehr_scrape_cache/cache/fhir_json_cache/helixbeat_f2e0f49128ca20f398c0ab1275224832
McKesson Specialty Health Technology Products LLC (Ontada),https://g2fhir.mckesson.com/xfhir/Endpoint,/Users/ftrotter/gitgov/DSACMS/npd_ehr_scrape_cache/cache/fhir_json_cache/mckesson_specialty_health_technology_products_llc_ontada_5ff6b28a79e801d4776543e62536752c
"Physicians EMR, LLC",https://gsehrwebapi.geniussolutions.com/content/json/bundlevalidation/bundlevalidation.json,/Users/ftrotter/gitgov/DSACMS/npd_ehr_scrape_cache/cache/fhir_json_cache/physicians_emr_llc_468d2611d33a2840539f271805bf6971
"Health Care Systems, Inc.",https://hcswebportal.corporate.hcsinc.net/HCSClinicals_FHIR/api/Endpoint?connection-type=hl7-fhir-rest,/Users/ftrotter/gitgov/DSACMS/npd_ehr_scrape_cache/cache/fhir_json_cache/health_care_systems_inc_7876b899acb18b90386108892d680dd3
"ReLi Med Solutions, LLC",https://help.relimedsolutions.com/fhir/r4-endpoint-bundle.json,/Users/ftrotter/gitgov/DSACMS/npd_ehr_scrape_cache/cache/fhir_json_cache/reli_med_solutions_llc_f2f557d89af5bf2947432f51d8a865e8
"Infinx Solutions, LLC",https://icom.imedemr.com/icom50/html/emr/mvc/pages/fhir_bundle/index.php,/Users/ftrotter/gitgov/DSACMS/npd_ehr_scrape_cache/cache/fhir_json_cache/infinx_solutions_llc_1f4180b5ec55bdea324f99c1e4b8d98c
Indian Health Service,https://ihs4dhapim.ihs.gov/base-url/base-url,/Users/ftrotter/gitgov/DSACMS/npd_ehr_scrape_cache/cache/fhir_json_cache/indian_health_service_bd021e6fcfa80410228633c73fbc9fbf
InPracSys,https://inpracsys.com/wp-content/uploads/2024/12/FhirServiceBaseBundleV10.json,/Users/ftrotter/gitgov/DSACMS/npd_ehr_scrape_cache/cache/fhir_json_cache/inpracsys_f36f50efb8ed4b3570e6c1df2ead091b
"EHNOTE,INC",https://interop.ehnote.com/fhir/servicebaseurl.json,/Users/ftrotter/gitgov/DSACMS/npd_ehr_scrape_cache/cache/fhir_json_cache/ehnote_inc_3b88f0d9fbde66478d7d7f7fc538ad57
Unknown,https://interoperability.hcsc.com/s/provider-directory-api,/Users/ftrotter/gitgov/DSACMS/npd_ehr_scrape_cache/cache/fhir_json_cache/unknown_038f5af6618b2cdc4786fddd302e50c4
MedPharm Services LLC,https://irp.cdn-website.com/b9c8e2cb/files/uploaded/fhir-endpoints-79e491b6.json,/Users/ftrotter/gitgov/DSACMS/npd_ehr_scrape_cache/cache/fhir_json_cache/medpharm_services_llc_c32eabae90c34b3199f9cb93c3a23539
iSALUS Healthcare,https://isalus-fhirpresentation.everhealthsoftware.com/fhir/r4/endpoints,/Users/ftrotter/gitgov/DSACMS/npd_ehr_scrape_cache/cache/fhir_json_cache/isalus_healthcare_eeced4c59e36af2952efa489ce8f30a3
Altera Digital Health Inc.,https://main.open.ahcentral.com/fhirendpoints/download/R4?endpointFilter=Patient,/Users/ftrotter/gitgov/DSACMS/npd_ehr_scrape_cache/cache/fhir_json_cache/altera_digital_health_inc_7fe8700d09f67caebfa9fcb284271f4b
Vision Infonet Inc,https://mdcare.com/resources/API.json,/Users/ftrotter/gitgov/DSACMS/npd_ehr_scrape_cache/cache/fhir_json_cache/vision_infonet_inc_a631a734d53e5e01fd5be7751ab6a029
"TechSoft, Inc.",https://mdrfhirapi.mdronline.net/files/ServiceURL.json,/Users/ftrotter/gitgov/DSACMS/npd_ehr_scrape_cache/cache/fhir_json_cache/techsoft_inc_cc4657fdcc2753e290338a255aeb418d
"MicroMD, LLC",https://micromd.dynamicfhir.com/fhir/r4/endpoints,/Users/ftrotter/gitgov/DSACMS/npd_ehr_scrape_cache/cache/fhir_json_cache/micromd_llc_b5968c3ee2cd015034119ca62d34ef13
Medical Informatics Engineering,https://mie.webchartnow.com/?f=layoutnouser&name=FHIR-EndPoints&json,/Users/ftrotter/gitgov/DSACMS/npd_ehr_scrape_cache/cache/fhir_json_cache/medical_informatics_engineering_912c1a95d9efdb43ad333156c8e857f9
ModuleMD,https://mmdpcf.modulemd.com/cf.fhir.r4/ServiceBaseURL.json,/Users/ftrotter/gitgov/DSACMS/npd_ehr_scrape_cache/cache/fhir_json_cache/modulemd_5828bf2c1c2d55b9a843036ec57f2324
"MD Charts, LLC",https://mraemr.com/images/ValidURLs.json,/Users/ftrotter/gitgov/DSACMS/npd_ehr_scrape_cache/cache/fhir_json_cache/md_charts_llc_f25672b4c8bf9f09ca9e983b75b1cbb2
"athenahealth, Inc.",https://mydata.athenahealth.com/static/servicebaseurls.json,/Users/ftrotter/gitgov/DSACMS/npd_ehr_scrape_cache/cache/fhir_json_cache/athenahealth_inc_f1b780522ffbe342f269535c880f2840
"Astronaut, LLC",https://oauth.astronautehr.com/SmartOnFHIR/ValidURLs.json,/Users/ftrotter/gitgov/DSACMS/npd_ehr_scrape_cache/cache/fhir_json_cache/astronaut_llc_ebb6a96032e7453bce687c328323f021
"Abeo Solutions, Inc",https://oauth.crystalpm.net/SmartOnFHIR/ValidURLs.json,/Users/ftrotter/gitgov/DSACMS/npd_ehr_scrape_cache/cache/fhir_json_cache/abeo_solutions_inc_87133ed24a4073af176beaf74cd27a1e
"MicroFour, Inc.",https://oauth.patientwebportal.com/Fhir/DownloadBundle,/Users/ftrotter/gitgov/DSACMS/npd_ehr_scrape_cache/cache/fhir_json_cache/microfour_inc_514680485994cc6cb14fc37849b7c174
"PracticeSuite, Inc.",https://oauth.practicesuite.com/SmartOnFHIR/ValidURLs.json,/Users/ftrotter/gitgov/DSACMS/npd_ehr_scrape_cache/cache/fhir_json_cache/practicesuite_inc_4550754f178e26271eb294a801e1578e
"SMARTMD Technologies, Inc.",https://oauth.smartmd.com/SmartOnFHIR/ValidURLs.json,/Users/ftrotter/gitgov/DSACMS/npd_ehr_scrape_cache/cache/fhir_json_cache/smartmd_technologies_inc_6168425487099b10bf5a266ea625e6bb
"WEBeDoctor, Inc.",https://oauth.webedoctor.com:9445/SmartOnFHIR/validurls.json,/Users/ftrotter/gitgov/DSACMS/npd_ehr_scrape_cache/cache/fhir_json_cache/webedoctor_inc_7de0125b8b367c0084351e846798cc6d
"Objective Medical Systems, LLC",https://objectivemedicalsystems.com/wp-content/uploads/2025/01/fhir-endpoints-g-10-bundle-2.json,/Users/ftrotter/gitgov/DSACMS/npd_ehr_scrape_cache/cache/fhir_json_cache/objective_medical_systems_llc_724e7c2df3561e8d0db79d06d51fa026
"OT EMR, Inc.",https://onetouchemr.com/ServiceBaseURLS.json,/Users/ftrotter/gitgov/DSACMS/npd_ehr_scrape_cache/cache/fhir_json_cache/ot_emr_inc_6d17500e6969ea5c7442307ba62b0a12
"CliniComp, Intl.",https://open-api.clinicomp.com:8445/fhir/Organization?_include=Organization:endpoint,/Users/ftrotter/gitgov/DSACMS/npd_ehr_scrape_cache/cache/fhir_json_cache/clinicomp_intl_4c79a6a1e7298d5d7903ad635690e8a1
Epic Systems Corporation,https://open.epic.com/Endpoints/R4,/Users/ftrotter/gitgov/DSACMS/npd_ehr_scrape_cache/cache/fhir_json_cache/epic_systems_corporation_921c56431780413986cb50128eafdeec
Veradigm,https://open.platform.veradigm.com/fhirendpoints/download/R4?endpointFilter=Patient,/Users/ftrotter/gitgov/DSACMS/npd_ehr_scrape_cache/cache/fhir_json_cache/veradigm_970f3987925534e04c03216e9ff85f5a
"CareEvolution, Inc.",https://patient360.anthem.com/P360Member/fhir,/Users/ftrotter/gitgov/DSACMS/npd_ehr_scrape_cache/cache/fhir_json_cache/careevolution_inc_f7aa77b353a39427f1b6f6430268febf
"StreamlineMD, LLC",https://patientportal.streamlinemd.com/FHIRReg/Servicebaseurl.json,/Users/ftrotter/gitgov/DSACMS/npd_ehr_scrape_cache/cache/fhir_json_cache/streamlinemd_llc_6d0e679023eb5b607c627d3a8c05459e
Doc-tor.com,https://pic-fhir.harrisambulatory.com/endpoints/r4,/Users/ftrotter/gitgov/DSACMS/npd_ehr_scrape_cache/cache/fhir_json_cache/doc_tor_com_b68b4c28f29e2e96a4d736097bb2f78c
BroadStreet Health LLC,https://portal.broadstreetcare.com/api/fhir/service-base,/Users/ftrotter/gitgov/DSACMS/npd_ehr_scrape_cache/cache/fhir_json_cache/broadstreet_health_llc_437e96dbe9e2f4de3bea44b99304788f
"Lille Group, Inc.",https://portal.escribe.com/ehr/api/endpoint-and-organizations-bundle,/Users/ftrotter/gitgov/DSACMS/npd_ehr_scrape_cache/cache/fhir_json_cache/lille_group_inc_59e5a926895bb2bad92c2cdc425a3966
"ezCaretech Co., Ltd.",https://portal.ezcaretech.com:30112/fhir/baseUrls.json,/Users/ftrotter/gitgov/DSACMS/npd_ehr_scrape_cache/cache/fhir_json_cache/ezcaretech_co_ltd_79b955557c8d9821f8d0117a47d82b11
"Health Systems Technology, Inc.",https://portal.viewmymed.com/fhir/Endpoint,/Users/ftrotter/gitgov/DSACMS/npd_ehr_scrape_cache/cache/fhir_json_cache/health_systems_technology_inc_2ade45c1f52b12c19a0a24948e4dd203
"Medi-EHR, LLC",https://proda.mediemr.net:8443/pls/htmldb/MEDIDATA.GEN_FHIR_JSON_FOR_ALL_OFFICES,/Users/ftrotter/gitgov/DSACMS/npd_ehr_scrape_cache/cache/fhir_json_cache/medi_ehr_llc_3b720e4da641fdeff769cf8a307dfa36
agilon health inc.,https://product.mphrx.com/minerva/fhir/r4/bundle,/Users/ftrotter/gitgov/DSACMS/npd_ehr_scrape_cache/cache/fhir_json_cache/agilon_health_inc_0c5685e048767b02cee715400ef800a6
"myhELO, Inc.",https://provider.myhelo.com/fhir/base,/Users/ftrotter/gitgov/DSACMS/npd_ehr_scrape_cache/cache/fhir_json_cache/myhelo_inc_802873a6d332e780c07a692713ff2a15
AdvancedMD,https://providerapi.advancedmd.com/v1/r4/endpoints,/Users/ftrotter/gitgov/DSACMS/npd_ehr_scrape_cache/cache/fhir_json_cache/advancedmd_e00d17d2867b01b204becffa2224ee67
Modernizing Medicine Inc.,https://public-api.gastro.prod.fhir.ema-api.com/public/fhir/r4/Endpoint?_include=Endpoint:managingOrganization&connection-type=hl7-fhir-rest,/Users/ftrotter/gitgov/DSACMS/npd_ehr_scrape_cache/cache/fhir_json_cache/modernizing_medicine_inc_c2038246c152231b4dc272321122c272
"Eyefinity, Inc.",https://public-api.mmi.prod.fhir.ema-api.com/public/fhir/r4/Endpoint?_include=Endpoint:managingOrganization&connection-type=hl7-fhir-rest,/Users/ftrotter/gitgov/DSACMS/npd_ehr_scrape_cache/cache/fhir_json_cache/eyefinity_inc_7f49a3ffd9754854012a649ba6df4325
MassLight,https://public-files.oystehr.com/endpoint.json,/Users/ftrotter/gitgov/DSACMS/npd_ehr_scrape_cache/cache/fhir_json_cache/masslight_b68c23892c80e68e9b1842f237f05afc
"Pulse Systems, Inc",https://pul-fhir.harrisambulatory.com/endpoints/r4,/Users/ftrotter/gitgov/DSACMS/npd_ehr_scrape_cache/cache/fhir_json_cache/pulse_systems_inc_31f6ddf90042e88d30fc2252807b8221
"US Monitoring, Inc.",https://qaoauth.usmon.com/SmartOnFHIR/ValidURLs.json,/Users/ftrotter/gitgov/DSACMS/npd_ehr_scrape_cache/cache/fhir_json_cache/us_monitoring_inc_d75e6c341117b5972d941f3b71378082
Oracle Health,https://raw.githubusercontent.com/oracle-samples/ignite-endpoints/refs/heads/main/oracle_health_fhir_endpoints/millennium_patient_r4_endpoints.json,/Users/ftrotter/gitgov/DSACMS/npd_ehr_scrape_cache/cache/fhir_json_cache/oracle_health_11651ae92c7a7a69372bcfcffa2fe405
Oracle Health,https://raw.githubusercontent.com/oracle-samples/ignite-endpoints/refs/heads/main/oracle_health_fhir_endpoints/soarian_patient_r4_endpoints.json,/Users/ftrotter/gitgov/DSACMS/npd_ehr_scrape_cache/cache/fhir_json_cache/oracle_health_c44b48f8932b5c56d57a663f20502413
"Qualifacts Systems, LLC",https://resources.insynchcs.com/docrepos/InSyncDocs/insync-fhir-org-list.json,/Users/ftrotter/gitgov/DSACMS/npd_ehr_scrape_cache/cache/fhir_json_cache/qualifacts_systems_llc_e48f7721fc82b06602d9c527f3ab8809
"Health Innovation Technologies, Inc.",https://revolutionehr.dynamicfhir.com/fhir/r4/endpoints,/Users/ftrotter/gitgov/DSACMS/npd_ehr_scrape_cache/cache/fhir_json_cache/health_innovation_technologies_inc_91b187f1ce313602e64a50363932549e
"Royal Health, Inc.",https://royalsolutionsgroup.com/web/company/cert/FHIRBundleEndpoint.json,/Users/ftrotter/gitgov/DSACMS/npd_ehr_scrape_cache/cache/fhir_json_cache/royal_health_inc_59a05d37380f77cb98152e2495dd5fb1
"Practice Alternatives, Inc.",https://sandbox.pai.healthcare/preview/fhir/servicebaseurls,/Users/ftrotter/gitgov/DSACMS/npd_ehr_scrape_cache/cache/fhir_json_cache/practice_alternatives_inc_8f1eb163b123955922a658581843f16e
"athenahealth, Inc.",https://service-base-urls.api.fhir.athena.io/athena-fhir-service-base-urls.json,/Users/ftrotter/gitgov/DSACMS/npd_ehr_scrape_cache/cache/fhir_json_cache/athenahealth_inc_53f1f907e6919c0dd81ced0591b93f43
ezEMRx Inc,https://services.ezemrx.com/ezEMRx/fhir/ezemrxBundleValid.json,/Users/ftrotter/gitgov/DSACMS/npd_ehr_scrape_cache/cache/fhir_json_cache/ezemrx_inc_365eacfb1d24738bb7c7b9d52988f115
NextGen Healthcare,https://services.fhir.nextgen.com/FhirServiceBaseBundle-R4,/Users/ftrotter/gitgov/DSACMS/npd_ehr_scrape_cache/cache/fhir_json_cache/nextgen_healthcare_6c0ed0029de00be6c432e58d522e3554
Net Health,https://sfp-fhirprod.azurewebsites.net/fhir/endpoints.json,/Users/ftrotter/gitgov/DSACMS/npd_ehr_scrape_cache/cache/fhir_json_cache/net_health_6967c008c3e8b0cc7002d983143cc49a
"Healogics, Inc.",https://sfp-g10fhirproxy.azurewebsites.net/fhir/base-url,/Users/ftrotter/gitgov/DSACMS/npd_ehr_scrape_cache/cache/fhir_json_cache/healogics_inc_564e643fda3371c1d02d8d110dc75178
"iCare.com, Inc.",https://shadow.icaresite.com/endpoints/service-base-urls.json,/Users/ftrotter/gitgov/DSACMS/npd_ehr_scrape_cache/cache/fhir_json_cache/icare_com_inc_f313b4406b60534ddb2a0e5f84a79903
"Health Samurai, Inc.",https://smartbox.aidbox.app/service-base-urls,/Users/ftrotter/gitgov/DSACMS/npd_ehr_scrape_cache/cache/fhir_json_cache/health_samurai_inc_34a1e14c7cb0761ae8d579290db70f56
"EyeMD EMR Healthcare Systems, Inc.",https://smartonfhir.myeyecarerecords.com/fhir/Organization?_include=Organization:endpoint&type=prov&_format=application/fhir+json,/Users/ftrotter/gitgov/DSACMS/npd_ehr_scrape_cache/cache/fhir_json_cache/eyemd_emr_healthcare_systems_inc_dbb2c800b0c9f414238366c576603535
"NovoMedici, LLC",https://smartserver.novoclinical.com/.well-known/bundle,/Users/ftrotter/gitgov/DSACMS/npd_ehr_scrape_cache/cache/fhir_json_cache/novomedici_llc_69f66e319272c35d08be5695872e48ed
Smile CDR Inc. (doing business as Smile Digital Health),https://smilecdr.com/docs/javascript_execution_environment/fhir_rest.html,/Users/ftrotter/gitgov/DSACMS/npd_ehr_scrape_cache/cache/fhir_json_cache/smile_cdr_inc_doing_business_as_smile_digital_health_15d7d2af5a7a1ca0aaa74196fad7824c
Sargas Pharmaceutical Adherence and Compliance International,https://spacinternational.com/ValidURLs.json,/Users/ftrotter/gitgov/DSACMS/npd_ehr_scrape_cache/cache/fhir_json_cache/sargas_pharmaceutical_adherence_and_compliance_international_8380d9331bd524a21992c14db3fb954f
Glenwood Systems LLC,https://static.glaceemr.com/endpoints/urls.json,/Users/ftrotter/gitgov/DSACMS/npd_ehr_scrape_cache/cache/fhir_json_cache/glenwood_systems_llc_013bf8769057370ea8b1f06eefc33bb5
Tenzing Medical LLC,https://tenzing.api.prod.bridgepatientportal.com/fhir/r4/service-base-url,/Users/ftrotter/gitgov/DSACMS/npd_ehr_scrape_cache/cache/fhir_json_cache/tenzing_medical_llc_97c2c7bbb0aaacdcad3d54cdc6b4234c
"Strateq Health, Inc.",https://testauth.strateqhealth.com/SmartOnFHIR/ValidURLs.json,/Users/ftrotter/gitgov/DSACMS/npd_ehr_scrape_cache/cache/fhir_json_cache/strateq_health_inc_67e7cd30a6c1b6ba6f23ee00a7ff0dfc
"Theoria Medical, PLLC",https://theoriamedical-api.charteasy.com/fhir/Theoria_ServiceBaseUrlBundle.json,/Users/ftrotter/gitgov/DSACMS/npd_ehr_scrape_cache/cache/fhir_json_cache/theoria_medical_pllc_2e4574957a20f36e8ba42558e6d88f74
Varian Medical Systems,https://varian.dynamicfhir.com/fhir/r4/endpoints,/Users/ftrotter/gitgov/DSACMS/npd_ehr_scrape_cache/cache/fhir_json_cache/varian_medical_systems_fe4a364477dca33cd3e28929702a7bba
VersaSuite,https://versasuite.com/VersaSuite_Drumond_Inferno_Endpoint.json,/Users/ftrotter/gitgov/DSACMS/npd_ehr_scrape_cache/cache/fhir_json_cache/versasuite_d350960bba8804f8a0577ee93665e8d3
"Agastha, Inc.",https://www.agastha.com/FHIRServiceBaseURLBundle.json,/Users/ftrotter/gitgov/DSACMS/npd_ehr_scrape_cache/cache/fhir_json_cache/agastha_inc_4862c4d21b8eef0e4d5753d395a7fdb5
Braintree Health,https://www.braintreehealth.com/wp-content/uploads/2024/12/mu-fhir.json,/Users/ftrotter/gitgov/DSACMS/npd_ehr_scrape_cache/cache/fhir_json_cache/braintree_health_1dfe916cd12ba20816fbaaec5f025002
MedicalMine Inc.,https://www.charmhealth.com/resources/fhir/baseurls.json,/Users/ftrotter/gitgov/DSACMS/npd_ehr_scrape_cache/cache/fhir_json_cache/medicalmine_inc_0b83e8a0ee3eb75b18267cc2ad8ce5fd
"CitiusTech, Inc.",https://www.citiustech.com/hubfs/assets/pdfs/connect_endpoint_json.json,/Users/ftrotter/gitgov/DSACMS/npd_ehr_scrape_cache/cache/fhir_json_cache/citiustech_inc_dddab3b714c651b71131540f5d1afbaf
"Claimpower, Inc.",https://www.claimpowerehr.com/2015ECURES/documents/ValidURLs.json,/Users/ftrotter/gitgov/DSACMS/npd_ehr_scrape_cache/cache/fhir_json_cache/claimpower_inc_5438e2161533c45e7fc42095ea66bf00
Cyfluent,https://www.cyfluentphr.com/fhirapi/service-base-url,/Users/ftrotter/gitgov/DSACMS/npd_ehr_scrape_cache/cache/fhir_json_cache/cyfluent_2215746cbe645d2173db0dbf5abfaf55
eDerm Systems LLC,https://www.edermehr.com/sites/default/files/ValidURLs.json,/Users/ftrotter/gitgov/DSACMS/npd_ehr_scrape_cache/cache/fhir_json_cache/ederm_systems_llc_196bf4817fc43e153211dc7a2292d532
eHana,https://www.ehana.com/kapu/fhir-server/ValidURLs.json,/Users/ftrotter/gitgov/DSACMS/npd_ehr_scrape_cache/cache/fhir_json_cache/ehana_194cfbb901577e35fca7d9e94e33ebe0
Kanrad Technologies Inc,https://www.kantime.com/wp-content/uploads/2024/12/fhir-base-urls.json,/Users/ftrotter/gitgov/DSACMS/npd_ehr_scrape_cache/cache/fhir_json_cache/kanrad_technologies_inc_8b476fb3010d86b63918a72dead0a6e2
"MDFlow EHR, LLC DBA: MDFlow Systems",https://www.mdflow.com/www/pdf%20files/ValidURLs.json,/Users/ftrotter/gitgov/DSACMS/npd_ehr_scrape_cache/cache/fhir_json_cache/mdflow_ehr_llc_dba_mdflow_systems_7c027e9320a3c807bcf59d982d96bac9
"MD Logic, Inc.",https://www.mdlogiccloud.com/api/fhir/endpoints,/Users/ftrotter/gitgov/DSACMS/npd_ehr_scrape_cache/cache/fhir_json_cache/md_logic_inc_2915c10b9f05b061a37a407395601abc
MedOne Healthcare Partners,https://www.medonehp.com/fhir/ValidURLs.json,/Users/ftrotter/gitgov/DSACMS/npd_ehr_scrape_cache/cache/fhir_json_cache/medone_healthcare_partners_7bde0c93dd5096f46a2352cad0fd1e4d
Medplum,https://www.medplum.com/onc/base.json,/Users/ftrotter/gitgov/DSACMS/npd_ehr_scrape_cache/cache/fhir_json_cache/medplum_2900ab554880fa664ab079f431c6e156
Nextech,https://www.nextech.com/hubfs/ICP_R4.json,/Users/ftrotter/gitgov/DSACMS/npd_ehr_scrape_cache/cache/fhir_json_cache/nextech_6f6c1b8e6859d67d4dc22f1d73bab4da
Nextech,https://www.nextech.com/hubfs/NexCloud_R4.json,/Users/ftrotter/gitgov/DSACMS/npd_ehr_scrape_cache/cache/fhir_json_cache/nextech_f46efa02c6cbb395f24e1dde45a736b8
PCE Systems,https://www.pcesystems.com/api_list.json,/Users/ftrotter/gitgov/DSACMS/npd_ehr_scrape_cache/cache/fhir_json_cache/pce_systems_fd00d1a3b1e923c5cafc5aefa8ab4639
Practice Fusion,https://www.practicefusion.com/assets/static_files/ServiceBaseURLs.json,/Users/ftrotter/gitgov/DSACMS/npd_ehr_scrape_cache/cache/fhir_json_cache/practice_fusion_57ea22cab5a5562c8c08df33bf9870ed
"Health Care 2000, Inc.",https://www.provider.care/FHIR/MDVitaFHIRUrls.json,/Users/ftrotter/gitgov/DSACMS/npd_ehr_scrape_cache/cache/fhir_json_cache/health_care_2000_inc_cd3d9d8ef1bbdb36fefb6c1eda66f4e5
Inmediata Health Group LLC,https://www.secureemrplus.com/fhirurlpublication/api/endpoint,/Users/ftrotter/gitgov/DSACMS/npd_ehr_scrape_cache/cache/fhir_json_cache/inmediata_health_group_llc_eb74af812f0869531e6cfa25f5e77f6b
Systemedx Inc,https://www.systemedx.com/API/endpoint.json,/Users/ftrotter/gitgov/DSACMS/npd_ehr_scrape_cache/cache/fhir_json_cache/systemedx_inc_106578b04bf86dc308e2c3b6bd34d16c
Metasolutions Inc,https://www.zoommd.com/Fhir-r4-Endpoints.json,/Users/ftrotter/gitgov/DSACMS/npd_ehr_scrape_cache/cache/fhir_json_cache/metasolutions_inc_2b086a9f867e323d57a6206d92900927
